[
  {
    "location": {
      "type": "Polygon",
      "coordinates": [
        [
          [
            -77.04035460948944,
            38.90739178525403
          ],
          [
            -77.0401668548584,
            38.907629724911374
          ],
          [
            -77.0399522781372,
            38.90739595964085
          ],
          [
            -77.03944265842438,
            38.90739595964085
          ],
          [
            -77.03913152217865,
            38.907638073656784
          ],
          [
            -77.03900277614594,
            38.90739178525403
          ],
          [
            -77.03900814056396,
            38.90674475232825
          ],
          [
            -77.04040288925171,
            38.90674475232825
          ],
          [
            -77.04035460948944,
            38.90739178525403
          ]
        ]
      ]
    },
    "description": "NFZ#1",
    "isActive": true,
    "isPermanent": true,
    "mission": "594d77ec37275a4d97dddb0c",
    "style": {
      "fillColor": "red"
    }
  },
  {
    "location": {
      "type": "Polygon",
      "coordinates": [
        [
          [
            -77.03795671463013,
            38.90684493845745
          ],
          [
            -77.03747391700745,
            38.90684493845745
          ],
          [
            -77.03737199306488,
            38.90719141439769
          ],
          [
            -77.03722178936005,
            38.90684911287644
          ],
          [
            -77.03647077083588,
            38.90683658961876
          ],
          [
            -77.03718423843384,
            38.90671553134724
          ],
          [
            -77.03693211078644,
            38.906502635265554
          ],
          [
            -77.03736662864685,
            38.90665291491891
          ],
          [
            -77.0376992225647,
            38.906498460826185
          ],
          [
            -77.03749537467957,
            38.906703008066
          ],
          [
            -77.03795671463013,
            38.90684493845745
          ]
        ]
      ]
    },
    "description": "NFZ#2",
    "isActive": true,
    "isPermanent": true,
    "mission": "594d77ec37275a4d97dddb0c",
    "style": {
      "fillColor": "red"
    }
  },
  {
    "location": {
      "type": "Polygon",
      "coordinates": [
        [
          [
            -77.02982425689697,
            38.90681989193841
          ],
          [
            -77.02956676483154,
            38.90682406635887
          ],
          [
            -77.0295774936676,
            38.907028612660504
          ],
          [
            -77.02862799167633,
            38.90705783351261
          ],
          [
            -77.02950775623322,
            38.9072874255036
          ],
          [
            -77.0287835597992,
            38.907308297465946
          ],
          [
            -77.02949702739716,
            38.90749614485106
          ],
          [
            -77.02916443347931,
            38.90752953988969
          ],
          [
            -77.0297384262085,
            38.907759130355096
          ],
          [
            -77.03009784221649,
            38.90752953988969
          ],
          [
            -77.0297384262085,
            38.90748779608893
          ],
          [
            -77.03037142753601,
            38.90730412307398
          ],
          [
            -77.02978670597076,
            38.90729159989655
          ],
          [
            -77.03046262264252,
            38.90708705435271
          ],
          [
            -77.0297920703888,
            38.90704531029175
          ],
          [
            -77.02982425689697,
            38.90681989193841
          ]
        ]
      ]
    },
    "description": "NFZ#3",
    "isActive": true,
    "isPermanent": false,
    "startTime": "2016-12-11T17:46:23.169Z",
    "endTime": "2030-12-11T17:46:23.169Z",
    "style": {
      "fillColor": "yellow"
    }
  }
]